{
  "trained_on": "2026-04-15",
  "n_samples": 188213,
  "n_positives": 15215,
  "cv_auc_mean": 0.6341661959286511,
  "cv_auc_std": 0.007248550408260623,
  "scaler_mean": [
    9.365644774803707,
    89.39008145028252,
    40.58533523189262,
    34.05667036814484,
    0.18970109928646248,
    0.4319849691572749,
    0.0,
    26.221636125028635,
    13.57254918629399,
    0.0,
    0.0,
    0.0,
    0.0,
    0.0,
    0.0,
    0.0,
    0.0,
    0.0,
    0.0
  ],
  "scaler_scale": [
    3.4073647917793117,
    1.9384900142954147,
    6.2810382394759205,
    4.284254781069022,
    0.04764390821381701,
    0.0658822467561008,
    1.0,
    5.5798597431328885,
    4.57299490793761,
    1.0,
    1.0,
    1.0,
    1.0,
    1.0,
    1.0,
    1.0,
    1.0,
    1.0,
    1.0
  ],
  "coefficients": {
    "barrel_rate": -0.0653165171990105,
    "ev_avg": 0.003272077187907713,
    "hard_hit_pct": -0.0036909942645335205,
    "sweet_spot_pct": -0.14008364111584096,
    "xiso": 0.05643222834494951,
    "xslg": 0.481889823566723,
    "xhr_rate": 0.0,
    "fb_pct": -0.010497365266875404,
    "launch_angle": 0.13847013278550532,
    "hr_fb_ratio": 0.0,
    "bpp_hr_pct": 0.0,
    "park_hr_factor": 0.0,
    "ev_10": 0.0,
    "value_edge": 0.0,
    "recent_form_14d": 0.0,
    "pitcher_hr_per_9": 0.0,
    "is_home": 0.0,
    "platoon": 0.0,
    "h2h_hr": 0.0
  },
  "intercept": -0.09101162505540167,
  "feature_order": [
    "barrel_rate",
    "ev_avg",
    "hard_hit_pct",
    "sweet_spot_pct",
    "xiso",
    "xslg",
    "xhr_rate",
    "fb_pct",
    "launch_angle",
    "hr_fb_ratio",
    "bpp_hr_pct",
    "park_hr_factor",
    "ev_10",
    "value_edge",
    "recent_form_14d",
    "pitcher_hr_per_9",
    "is_home",
    "platoon",
    "h2h_hr"
  ]
}