{
  "algo_version": "3.1",
  "trained_on": "2026-04-20",
  "n_samples": 189215,
  "n_positives": 15273,
  "cv_auc_mean": 0.63405739605996,
  "cv_auc_std": 0.004930808036366602,
  "scaler_mean": [
    9.376743387152906,
    89.39302433740484,
    40.59840340353674,
    34.060737256557836,
    0.18970121819096095,
    0.43202139893770625,
    0.0,
    26.23212905953554,
    13.578724731125755,
    0.0,
    15.034853658548752,
    0.0,
    104.00065533916444,
    0.0,
    0.0,
    0.0,
    1.120152736302401,
    0.9996934703908252,
    0.00021668472372697725,
    6.870491240123669e-05
  ],
  "scaler_scale": [
    3.435738720237897,
    1.9484478509692882,
    6.318811572441772,
    4.331401291007336,
    0.048010477273342685,
    0.06636809493136063,
    1.0,
    5.613113413167647,
    4.588976561970489,
    1.0,
    0.048093631307348,
    1.0,
    0.3040471553280443,
    1.0,
    1.0,
    1.0,
    0.031085785538177643,
    0.017505303447054272,
    0.020942957967920412,
    0.009478405197225124
  ],
  "coefficients": {
    "barrel_rate": -0.06798834977751914,
    "ev_avg": 0.0028865478121370427,
    "hard_hit_pct": -0.000677403000518211,
    "sweet_spot_pct": -0.13625051923523585,
    "xiso": 0.07272240255724396,
    "xslg": 0.46796361980832524,
    "xhr_rate": 0.0,
    "fb_pct": -0.01560950747866148,
    "launch_angle": 0.1385942510547149,
    "hr_fb_ratio": 0.0,
    "blast_rate": 0.0032510400245853452,
    "bpp_hr_pct": 0.0,
    "park_hr_factor": 0.004343864561118542,
    "ev_10": 0.0,
    "value_edge": 0.0,
    "recent_form_14d": 0.0,
    "pitcher_hr_per_9": 0.005368824884045236,
    "is_home": -0.0014062119946386935,
    "platoon": 0.005807889911203798,
    "h2h_hr": 0.0009611051815733911
  },
  "intercept": -0.09058285247771633,
  "feature_order": [
    "barrel_rate",
    "ev_avg",
    "hard_hit_pct",
    "sweet_spot_pct",
    "xiso",
    "xslg",
    "xhr_rate",
    "fb_pct",
    "launch_angle",
    "hr_fb_ratio",
    "blast_rate",
    "bpp_hr_pct",
    "park_hr_factor",
    "ev_10",
    "value_edge",
    "recent_form_14d",
    "pitcher_hr_per_9",
    "is_home",
    "platoon",
    "h2h_hr"
  ]
}