{
  "trained_on": "2026-04-30",
  "n_samples": 193598,
  "n_positives": 15658,
  "cv_auc_mean": 0.6296653848377732,
  "cv_auc_std": 0.006160007841224877,
  "scaler_mean": [
    9.418956290871563,
    89.80227739987018,
    40.659696381162554,
    35.0002629159392,
    0.18969040485956598,
    0.4271838707015962,
    0.0,
    28.004017086953084,
    14.00552691660054,
    20.243323638471672,
    14.99999865701092,
    0.0,
    102.99962809533156,
    0.33008589964900403,
    0.9001177698084291,
    3.9999380158885938,
    1.1202297027832893,
    1.2800094525759216,
    9.500135331976571,
    0.9991683798386347,
    0.0002944245291790204,
    0.00012913356542939493,
    0.0,
    0.0,
    0.0
  ],
  "scaler_scale": [
    3.4915092284076614,
    0.331050677467719,
    6.40619890897667,
    0.9039160405694143,
    0.04865510585326736,
    0.012200000727095883,
    1.0,
    1.028488724916801,
    0.7665777411817885,
    0.06190283669570271,
    0.03547586165183005,
    1.0,
    0.5616837705139816,
    0.013741497962449953,
    0.02277249501121698,
    0.037067199707270425,
    0.04006379825277227,
    0.004720891275926259,
    0.038854961400112846,
    0.02882583163193359,
    0.026208851220169364,
    0.01455205730563544,
    1.0,
    1.0,
    1.0
  ],
  "coefficients": {
    "barrel_rate": -0.2511833245891621,
    "ev_avg": 0.005130515278560193,
    "hard_hit_pct": 0.03460437012004468,
    "sweet_spot_pct": -0.02510294474528263,
    "xiso": 0.6255857182622173,
    "xslg": -0.005171292833943842,
    "xhr_rate": 0.0,
    "fb_pct": -0.023222847673739208,
    "launch_angle": 0.02720910916821856,
    "hr_fb_ratio": -0.010339375773445502,
    "blast_rate": -0.00801775466927002,
    "bpp_hr_pct": 0.0,
    "park_hr_factor": 0.0138284347710294,
    "ev_10": 0.010630264775139854,
    "value_edge": -0.0007823533355120833,
    "recent_form_14d": 0.004689980546705313,
    "pitcher_hr_per_9": 0.009425903490285145,
    "pitcher_hr_vs_hand": 0.015547365099647619,
    "pitcher_barrel_pct": -0.016674390247299244,
    "is_home": -0.013957647496017809,
    "platoon": 0.0017386747555393162,
    "h2h_hr": 0.008227594934349635,
    "pitcher_fb_pct": 0.0,
    "pitcher_breaking_pct": 0.0,
    "pitcher_offspeed_pct": 0.0
  },
  "intercept": -0.08283349094433722,
  "feature_order": [
    "barrel_rate",
    "ev_avg",
    "hard_hit_pct",
    "sweet_spot_pct",
    "xiso",
    "xslg",
    "xhr_rate",
    "fb_pct",
    "launch_angle",
    "hr_fb_ratio",
    "blast_rate",
    "bpp_hr_pct",
    "park_hr_factor",
    "ev_10",
    "value_edge",
    "recent_form_14d",
    "pitcher_hr_per_9",
    "pitcher_hr_vs_hand",
    "pitcher_barrel_pct",
    "is_home",
    "platoon",
    "h2h_hr",
    "pitcher_fb_pct",
    "pitcher_breaking_pct",
    "pitcher_offspeed_pct"
  ],
  "algo_version": "3.2"
}