{
  "trained_on": "2026-04-18",
  "n_samples": 188699,
  "n_positives": 15231,
  "cv_auc_mean": 0.6339608577716239,
  "cv_auc_std": 0.0037148214967943367,
  "scaler_mean": [
    9.37235862405277,
    89.39141065931489,
    40.59104923714599,
    34.05809569737839,
    0.1897234060594003,
    0.43203002135675395,
    0.0,
    26.227667343229236,
    13.575519213138177,
    0.0,
    0.0,
    0.0,
    103.00042395561185,
    0.0,
    0.0,
    0.0,
    0.9000851620803538,
    0.9997986210843725,
    0.0001960794704794408,
    4.7695006332836955e-05
  ],
  "scaler_scale": [
    3.423351830688451,
    1.9429280856970612,
    6.297762914014749,
    4.300855843070678,
    0.047869108442766706,
    0.06619867734169549,
    1.0,
    5.599652503812507,
    4.58227954641547,
    1.0,
    1.0,
    1.0,
    0.21744302672866975,
    1.0,
    1.0,
    1.0,
    0.021884459617132878,
    0.014189374974250017,
    0.01912127788772699,
    0.007634895010109385
  ],
  "coefficients": {
    "barrel_rate": -0.07262367752384132,
    "ev_avg": 0.0027815525418592216,
    "hard_hit_pct": -0.0014080736159742847,
    "sweet_spot_pct": -0.13768982490977352,
    "xiso": 0.07424098841114599,
    "xslg": 0.4692682643810153,
    "xhr_rate": 0.0,
    "fb_pct": -0.01310676879340016,
    "launch_angle": 0.13707163021262395,
    "hr_fb_ratio": 0.0,
    "blast_rate": 0.0,
    "bpp_hr_pct": 0.0,
    "park_hr_factor": 0.01624784510305498,
    "ev_10": 0.0,
    "value_edge": 0.0,
    "recent_form_14d": 0.0,
    "pitcher_hr_per_9": 0.007864360698049182,
    "is_home": -0.004042624573181261,
    "platoon": 0.00662336809818577,
    "h2h_hr": -0.0053296217017055605
  },
  "intercept": -0.09017149042083085,
  "feature_order": [
    "barrel_rate",
    "ev_avg",
    "hard_hit_pct",
    "sweet_spot_pct",
    "xiso",
    "xslg",
    "xhr_rate",
    "fb_pct",
    "launch_angle",
    "hr_fb_ratio",
    "blast_rate",
    "bpp_hr_pct",
    "park_hr_factor",
    "ev_10",
    "value_edge",
    "recent_form_14d",
    "pitcher_hr_per_9",
    "is_home",
    "platoon",
    "h2h_hr"
  ]
}